Category,Total,LOCAL,REMOTE,REMOTE %,Avg Length,Avg Complexity,Avg Reasoning
mathematics,708,2,706,99.71751412429379,58.09887005649718,0.4798521186440678,4.706214689265536
coding,698,132,566,81.08882521489971,53.26361031518625,0.3806083094555873,3.7722063037249285
planning,698,7,691,98.99713467048711,54.16045845272206,0.5448646131805157,5.5687679083094554
translation,698,2,696,99.7134670487106,55.12893982808023,0.41806074498567336,4.21919770773639
creative_writing,698,185,513,73.49570200573066,54.088825214899714,0.40017478510028653,4.065902578796561
reasoning,697,0,697,100.0,50.37159253945481,0.47898967001434717,4.75896700143472
summarization,688,128,560,81.3953488372093,53.348837209302324,0.39485784883720926,3.9723837209302326
general,135,6,129,95.55555555555556,50.266666666666666,0.4177577777777778,4.214814814814815
urban_sociology,20,6,14,70.0,38.4,0.33931999999999995,3.2
economic_history,20,16,4,20.0,38.35,0.32462,3.1
c_programming,20,1,19,95.0,33.45,0.465935,4.8
physics,10,8,2,20.0,31.5,0.32494999999999996,3.1
chemistry,10,8,2,20.0,31.0,0.33883,3.2
stir_frying,10,9,1,10.0,32.2,0.3181900000000001,3.0
geology,10,7,3,30.0,31.2,0.33892,3.3
ecology,10,4,6,60.0,32.8,0.34239,3.3
genetics,10,7,3,30.0,32.6,0.33097,3.3
neuroscience,10,6,4,40.0,30.3,0.34404999999999997,3.4
marine_biology,10,5,5,50.0,33.9,0.35477,3.5
quantum_mechanics,10,1,9,90.0,36.1,0.39375,3.8
software_development,10,1,9,90.0,32.9,0.42087,4.2
cloud_computing,10,0,10,100.0,38.1,0.49467,5.0
cybersecurity,10,0,10,100.0,34.7,0.47503,4.9
artificial_intelligence,10,1,9,90.0,33.6,0.46848999999999996,4.6
machine_learning,10,1,9,90.0,34.4,0.42756,4.4
robotics,10,6,4,40.0,33.4,0.34323000000000004,3.4
blockchain,10,3,7,70.0,31.7,0.37607,3.8
virtual_reality,10,8,2,20.0,35.4,0.34371,3.3
opera_production,10,4,6,60.0,35.7,0.35515,3.5
internet_of_things,10,0,10,100.0,38.0,0.40774,4.2
statistics,10,3,7,70.0,33.6,0.36563,3.7
geometry,10,0,10,100.0,30.7,0.32879,3.1
algebra,10,0,10,100.0,34.2,0.31765,3.0
calculus,10,0,10,100.0,33.3,0.33560999999999996,3.1
number_theory,10,5,5,50.0,35.7,0.35499,3.5
topology,10,8,2,20.0,31.6,0.32114000000000004,3.0
operations_research,10,3,7,70.0,37.5,0.43695000000000006,4.4
game_theory,10,6,4,40.0,36.7,0.34875,3.4
combinatorics,10,4,6,60.0,34.2,0.40119999999999995,4.0
mechanical_engineering,10,6,4,40.0,35.2,0.34104,3.3
electrical_engineering,10,4,6,60.0,33.5,0.35833,3.6
civil_engineering,10,6,4,40.0,35.8,0.35081,3.4
chemical_engineering,10,2,8,80.0,35.3,0.36802999999999997,3.7
aerospace_engineering,10,6,4,40.0,36.5,0.33237,3.2
biomedical_engineering,10,6,4,40.0,34.5,0.33903,3.5
industrial_engineering,10,3,7,70.0,37.8,0.358,3.6
environmental_engineering,10,2,8,80.0,37.2,0.39921,3.9
nuclear_engineering,10,6,4,40.0,39.8,0.35827,3.6
marine_engineering,10,4,6,60.0,37.4,0.36682000000000003,3.6
software_architecture,10,0,10,100.0,33.4,0.50988,5.2
web_development,10,1,9,90.0,33.3,0.41462000000000004,4.2
mobile_app_development,10,2,8,80.0,36.4,0.39177999999999996,3.9
ui_ux_design,10,4,6,60.0,33.8,0.34903,3.4
game_development,10,4,6,60.0,36.4,0.36014,3.6
data_analysis,10,2,8,80.0,34.5,0.38237,4.0
big_data,10,2,8,80.0,35.2,0.39065999999999995,4.0
devops,10,1,9,90.0,30.5,0.5277299999999999,5.2
api_design,10,0,10,100.0,33.8,0.5182800000000001,5.1
open_source_software,10,5,5,50.0,34.8,0.40539000000000003,4.0
business_strategy,10,5,5,50.0,37.8,0.35031,3.4
business_management,10,4,6,60.0,36.9,0.36591,3.7
organizational_behavior,10,4,6,60.0,37.0,0.36126,3.5
consulting,10,2,8,80.0,34.5,0.37824,3.9
project_management,10,4,6,60.0,35.4,0.35486,3.5
startup_culture,10,8,2,20.0,35.2,0.31857,3.0
leadership,10,6,4,40.0,32.4,0.33583999999999997,3.3
human_resources,10,3,7,70.0,36.8,0.35658,3.7
business_negotiation,10,4,6,60.0,37.0,0.33787999999999996,3.3
corporate_social_responsibility,10,4,6,60.0,41.3,0.35980999999999996,3.5
finance,10,2,8,80.0,34.6,0.41517,4.2
investing,10,3,7,70.0,33.8,0.40207,4.0
personal_finance,10,2,8,80.0,35.8,0.37435,3.7
wealth_management,10,3,7,70.0,36.6,0.38872,3.9
accounting,10,4,6,60.0,31.9,0.37145,3.7
taxation_general,10,7,3,30.0,36.5,0.32966,3.3
financial_analysis,10,3,7,70.0,38.2,0.37574,3.7
venture_capital,10,0,10,100.0,37.0,0.38595999999999997,4.0
crowdfunding,10,5,5,50.0,33.7,0.34903000000000006,3.5
stock_market,10,2,8,80.0,37.1,0.38566,3.8
entrepreneurship,10,5,5,50.0,36.0,0.34552,3.3
small_business,10,8,2,20.0,36.6,0.32855,3.2
business_innovation,10,7,3,30.0,37.4,0.33747999999999995,3.3
business_growth,10,7,3,30.0,36.7,0.33774,3.3
product_development,10,6,4,40.0,34.7,0.33608,3.4
branding,10,6,4,40.0,34.5,0.33943,3.3
franchising,10,6,4,40.0,36.1,0.33492,3.4
e_commerce,10,6,4,40.0,32.6,0.32235,3.0
business_incubation,10,5,5,50.0,37.8,0.33309,3.2
social_enterprise,10,8,2,20.0,39.0,0.33813000000000004,3.2
marketing,10,8,2,20.0,34.3,0.33133,3.2
digital_marketing,10,8,2,20.0,36.0,0.33286000000000004,3.2
content_marketing,10,7,3,30.0,36.6,0.33782,3.3
affiliate_marketing,10,6,4,40.0,36.9,0.34595000000000004,3.4
search_engine_optimization,10,5,5,50.0,38.4,0.34226999999999996,3.2
social_media_strategy,10,5,5,50.0,38.6,0.34395999999999993,3.4
influencer_marketing,10,4,6,60.0,36.6,0.35512,3.6
public_relations,10,0,10,100.0,36.9,0.33596,3.4
market_research,10,8,2,20.0,37.4,0.33335000000000004,3.2
brand_strategy,10,7,3,30.0,37.9,0.3277,3.1
economics_general,10,4,6,60.0,35.1,0.32667999999999997,3.2
microeconomics,10,7,3,30.0,36.1,0.31637,3.0
macroeconomics,10,4,6,60.0,34.1,0.32077999999999995,3.1
development_economics,10,6,4,40.0,38.3,0.34339,3.4
behavioral_economics,10,3,7,70.0,35.6,0.34621,3.4
environmental_economics,10,3,7,70.0,39.0,0.35739,3.6
labor_economics,10,6,4,40.0,39.8,0.32892,3.2
international_trade,10,5,5,50.0,36.6,0.36433,3.7
game_theory_in_economics,10,7,3,30.0,40.3,0.32126,3.1
project_planning,10,2,8,80.0,35.4,0.39516999999999997,4.0
agile_methodologies,10,5,5,50.0,35.3,0.34935000000000005,3.4
scrum_framework,10,5,5,50.0,33.9,0.34192,3.3
lean_startup,10,7,3,30.0,36.0,0.34770999999999996,3.4
kanban,10,4,6,60.0,31.8,0.40327999999999997,4.0
risk_management,10,0,10,100.0,38.1,0.43023999999999996,4.3
stakeholder_engagement,10,3,7,70.0,37.9,0.38981,3.7
change_management,10,1,9,90.0,38.5,0.39563000000000004,3.9
innovation_management,10,5,5,50.0,36.7,0.34191000000000005,3.4
strategic_planning,10,3,7,70.0,37.4,0.38408000000000003,3.8
product_management,10,6,4,40.0,35.3,0.33857000000000004,3.4
roadmapping,10,5,5,50.0,31.1,0.3538,3.5
user_research,10,4,6,60.0,36.4,0.35830999999999996,3.6
usability_testing,10,4,6,60.0,35.1,0.36856999999999995,3.6
requirement_gathering,10,6,4,40.0,36.5,0.34421,3.4
product_led_growth,10,9,1,10.0,37.3,0.32608999999999994,3.1
user_story_mapping,10,8,2,20.0,34.3,0.3306,3.2
go_to_market_strategies,10,0,10,100.0,38.9,0.40135999999999994,4.0
competitive_analysis,10,5,5,50.0,38.4,0.35568999999999995,3.5
product_analytics,10,7,3,30.0,37.8,0.34726,3.4
education_general,10,6,4,40.0,36.4,0.34902,3.4
early_childhood_education,10,5,5,50.0,41.6,0.3458,3.5
adult_education,10,8,2,20.0,35.8,0.34098,3.2
special_education,10,5,5,50.0,37.8,0.35811000000000004,3.5
online_learning,10,7,3,30.0,35.7,0.34631,3.3
homeschooling,10,4,6,60.0,35.4,0.37304,3.7
curriculum_development,10,4,6,60.0,38.3,0.37029,3.6
stem_education,10,6,4,40.0,36.9,0.33804,3.4
edtech,10,6,4,40.0,35.5,0.35087999999999997,3.4
peer_learning,10,5,5,50.0,37.4,0.35176,3.4
pedagogy,10,6,4,40.0,36.1,0.3461,3.3
instructional_design,10,7,3,30.0,36.0,0.34739,3.3
assessment_methods,10,1,9,90.0,36.3,0.39845,3.9
learning_theories,10,8,2,20.0,34.7,0.33708,3.2
classroom_management,10,3,7,70.0,37.8,0.34591,3.4
differentiated_instruction,10,2,8,80.0,39.5,0.39282999999999996,3.8
project_based_learning,10,5,5,50.0,36.6,0.3704200000000001,3.5
experiential_learning,10,7,3,30.0,36.1,0.34392,3.3
flipped_classroom,10,4,6,60.0,36.4,0.3638,3.5
educational_psychology,10,6,4,40.0,35.7,0.34855,3.4
learning_strategies,10,4,6,60.0,35.4,0.36707,3.6
memory_techniques,10,6,4,40.0,33.9,0.33689,3.3
speed_reading,10,6,4,40.0,35.5,0.34176999999999996,3.4
mind_mapping,10,2,8,80.0,33.9,0.38509,3.8
note_taking_systems,10,5,5,50.0,33.1,0.3464,3.3
metacognition,10,4,6,60.0,33.7,0.3701,3.7
self_directed_learning,10,6,4,40.0,36.5,0.35555000000000003,3.3
critical_thinking,10,6,4,40.0,35.5,0.33996999999999994,3.4
gamification,10,5,5,50.0,33.8,0.35109,3.5
self_evaluation,10,5,5,50.0,33.9,0.3419,3.4
career_development,10,7,3,30.0,35.9,0.35141999999999995,3.4
job_hunting,10,9,1,10.0,35.8,0.32509,3.1
resume_building,10,8,2,20.0,36.0,0.33765999999999996,3.2
interview_skills,10,4,6,60.0,37.8,0.34818999999999994,3.6
networking,10,0,10,100.0,32.1,0.47168,4.8
professional_etiquette,10,10,0,0.0,36.3,0.32648,3.0
mentoring,10,8,2,20.0,32.7,0.33772,3.2
work_life_balance,10,6,4,40.0,36.6,0.33082,3.2
salary_negotiation,10,3,7,70.0,37.6,0.36129,3.6
freelancing,10,6,4,40.0,33.3,0.33604,3.3
personal_development,10,7,3,30.0,34.3,0.3408399999999999,3.2
goal_setting,10,4,6,60.0,34.7,0.3539,3.5
habits_and_routines,10,5,5,50.0,37.2,0.33676999999999996,3.3
time_management,10,4,6,60.0,33.8,0.33214,3.2
motivation,10,8,2,20.0,32.5,0.32206,3.0
emotional_intelligence,10,8,2,20.0,34.1,0.32605999999999996,3.0
conflict_resolution,10,2,8,80.0,35.8,0.33274,3.1
confidence_building,10,8,2,20.0,35.9,0.32477000000000006,3.0
self_reflection,10,8,2,20.0,33.6,0.34098,3.2
decision_making,10,1,9,90.0,33.4,0.36479000000000006,3.5
health_and_wellness,10,5,5,50.0,35.0,0.34374000000000005,3.5
physical_fitness,10,7,3,30.0,33.9,0.325,3.1
mental_health,10,3,7,70.0,36.3,0.37301999999999996,3.7
sleep_science,10,7,3,30.0,36.2,0.31877,3.1
stress_management,10,6,4,40.0,35.8,0.31744,3.0
holistic_health,10,7,3,30.0,35.5,0.33826,3.2
preventive_medicine,10,4,6,60.0,37.3,0.36445999999999995,3.5
immunology_basics,10,2,8,80.0,33.7,0.35873,3.8
nutrition,10,2,8,80.0,31.5,0.33202999999999994,3.2
healthy_aging,10,6,4,40.0,36.5,0.32044999999999996,3.1
psychology_general,10,3,7,70.0,35.6,0.37653,3.7
behavioral_psychology,10,2,8,80.0,37.6,0.34987,3.5
cognitive_psychology,10,2,8,80.0,35.6,0.38954999999999995,3.8
social_psychology,10,9,1,10.0,36.6,0.32493000000000005,3.1
developmental_psychology,10,4,6,60.0,37.0,0.35015,3.7
positive_psychology,10,8,2,20.0,33.5,0.3313499999999999,3.1
clinical_psychology,10,6,4,40.0,35.4,0.32913,3.3
forensic_psychology,10,2,8,80.0,36.0,0.37840999999999997,3.8
industrial_organizational_psychology,10,4,6,60.0,39.4,0.35888000000000003,3.6
neuropsychology,10,4,6,60.0,33.3,0.36011000000000004,3.7
cognitive_science,10,1,9,90.0,34.3,0.40003,4.1
linguistics,10,6,4,40.0,30.6,0.3446,3.4
phonetics,10,9,1,10.0,32.8,0.3305,3.1
psycholinguistics,10,2,8,80.0,33.6,0.36241,3.8
computational_linguistics,10,1,9,90.0,35.5,0.41273,4.2
semantics,10,4,6,60.0,33.3,0.35999000000000003,3.5
pragmatics,10,5,5,50.0,32.9,0.33885000000000004,3.5
language_acquisition,10,7,3,30.0,36.9,0.33070000000000005,3.3
bilingualism,10,9,1,10.0,33.8,0.31835,3.1
artificial_languages,10,5,5,50.0,34.0,0.35197,3.6
philosophy_general,10,7,3,30.0,30.4,0.32408000000000003,3.2
ethics_non_religious,10,4,6,60.0,34.7,0.36121,3.5
metaphysics_non_religious,10,6,4,40.0,31.1,0.34074,3.4
epistemology,10,7,3,30.0,31.5,0.32827,3.2
logic,10,6,4,40.0,32.1,0.32367,3.2
philosophy_of_mind,10,8,2,20.0,36.1,0.33281,3.2
philosophy_of_language,10,5,5,50.0,35.6,0.33693000000000006,3.5
philosophy_of_science,10,7,3,30.0,37.4,0.33477000000000007,3.3
existentialism_secular,10,0,10,100.0,32.6,0.40414000000000005,4.2
aesthetics,10,4,6,60.0,32.7,0.35581000000000007,3.5
ethical_dilemmas_secular,10,0,10,100.0,37.0,0.43632,4.3
bioethics_secular,10,2,8,80.0,37.0,0.40255,4.0
animal_ethics_secular,10,7,3,30.0,39.2,0.34522,3.3
digital_ethics,10,5,5,50.0,38.0,0.37773,3.7
corporate_ethics,10,6,4,40.0,39.0,0.34452,3.3
professional_ethics,10,4,6,60.0,36.5,0.3680899999999999,3.5
environmental_ethics,10,3,7,70.0,36.2,0.36127000000000004,3.6
media_ethics,10,4,6,60.0,36.5,0.34102,3.4
academic_integrity,10,5,5,50.0,35.9,0.33016,3.3
moral_psychology,10,5,5,50.0,35.9,0.35593,3.5
sociology_general,10,5,5,50.0,35.7,0.33077999999999996,3.3
social_stratification,10,8,2,20.0,37.1,0.3154,3.1
rural_sociology,10,6,4,40.0,40.6,0.31267000000000006,3.1
sociology_of_family,10,8,2,20.0,40.5,0.3264600000000001,3.1
sociology_of_education,10,4,6,60.0,41.3,0.32393,3.2
culture_and_society,10,6,4,40.0,35.7,0.33446000000000004,3.3
demography,10,8,2,20.0,35.2,0.32292,3.1
criminology,10,2,8,80.0,34.5,0.39083999999999997,3.9
social_movements_non_political_focus,10,7,3,30.0,39.1,0.33355999999999997,3.2
anthropology_general,10,8,2,20.0,35.6,0.31711,3.1
cultural_anthropology,10,6,4,40.0,36.7,0.32123,3.2
biological_anthropology,10,7,3,30.0,34.5,0.33082999999999996,3.2
linguistic_anthropology,10,9,1,10.0,35.4,0.32158,3.1
archaeology_general,10,7,3,30.0,35.6,0.3379,3.3
ethnography,10,8,2,20.0,34.1,0.31192000000000003,3.0
folklore_studies,10,5,5,50.0,33.5,0.33653999999999995,3.5
museum_studies,10,6,4,40.0,37.5,0.33681,3.3
visual_anthropology,10,6,4,40.0,37.3,0.33316,3.4
ethnomusicology,10,7,3,30.0,36.0,0.33826,3.3
history_general,10,7,3,30.0,36.2,0.32104,3.1
ancient_civilizations,10,7,3,30.0,32.7,0.32111,3.0
medieval_studies,10,7,3,30.0,36.2,0.32619000000000004,3.1
renaissance_studies,10,6,4,40.0,34.4,0.3222,3.1
modern_history,10,7,3,30.0,37.9,0.32875999999999994,3.2
maritime_history,10,7,3,30.0,37.0,0.33105,3.2
social_history,10,7,3,30.0,36.6,0.32925,3.2
cultural_history,10,9,1,10.0,35.0,0.31995000000000007,3.1
history_of_science,10,8,2,20.0,39.9,0.32779,3.2
archaeology_methods,10,9,1,10.0,34.8,0.32658,3.1
prehistoric_archaeology,10,8,2,20.0,32.8,0.33233999999999997,3.2
underwater_archaeology,10,6,4,40.0,37.7,0.33016,3.3
experimental_archaeology,10,6,4,40.0,38.0,0.34102999999999994,3.3
archaeobotany,10,10,0,0.0,35.3,0.31640999999999997,3.0
archaeozoology,10,10,0,0.0,34.6,0.32057,3.0
bioarchaeology,10,9,1,10.0,33.2,0.31459000000000004,3.1
geoarchaeology,10,7,3,30.0,33.9,0.34514999999999996,3.3
archaeological_field_techniques,10,7,3,30.0,36.6,0.32222999999999996,3.1
archaeological_preservation,10,5,5,50.0,36.8,0.34171,3.3
geography_general,10,10,0,0.0,34.7,0.31577,3.0
physical_geography,10,7,3,30.0,33.2,0.33792000000000005,3.2
human_geography,10,9,1,10.0,36.1,0.31648000000000004,3.0
cartography,10,10,0,0.0,33.0,0.31853,3.0
geospatial_analysis,10,5,5,50.0,35.3,0.34472,3.4
climatology,10,8,2,20.0,35.2,0.34260999999999997,3.3
hydrology,10,2,8,80.0,33.8,0.36688,3.7
geomorphology,10,3,7,70.0,32.4,0.36729,3.7
coastal_geography,10,1,9,90.0,37.6,0.34045000000000003,3.3
urban_geography,10,4,6,60.0,38.0,0.34558000000000005,3.3
earth_science,10,8,2,20.0,33.6,0.32320000000000004,3.1
hydrogeology,10,6,4,40.0,34.8,0.35978999999999994,3.4
seismology,10,1,9,90.0,35.2,0.40504000000000007,3.9
volcanology,10,5,5,50.0,35.8,0.36693000000000003,3.5
mineralogy,10,6,4,40.0,32.5,0.34530000000000005,3.4
petrology,10,8,2,20.0,31.3,0.33189,3.2
geochemistry,10,6,4,40.0,31.6,0.34556,3.4
plate_tectonics,10,7,3,30.0,35.0,0.33540999999999993,3.3
earthquake_engineering,10,1,9,90.0,39.1,0.40301,4.0
glaciology,10,8,2,20.0,35.0,0.33218000000000003,3.2
zoology,10,9,1,10.0,29.7,0.32184,3.1
entomology,10,5,5,50.0,33.5,0.34348,3.4
herpetology,10,7,3,30.0,32.6,0.33292,3.3
ichthyology,10,6,4,40.0,35.0,0.33568,3.2
mammalogy,10,8,2,20.0,31.5,0.31865,3.0
ornithology,10,6,4,40.0,35.7,0.35202000000000006,3.4
primatology,10,8,2,20.0,32.8,0.32151,3.2
animal_behavior,10,9,1,10.0,35.2,0.32630000000000003,3.1
wildlife_conservation,10,3,7,70.0,37.2,0.36166000000000004,3.6
animal_physiology,10,6,4,40.0,35.6,0.3314499999999999,3.2
botany,10,6,4,40.0,33.3,0.33314999999999995,3.2
horticulture,10,5,5,50.0,34.1,0.32694,3.2
plant_ecology,10,5,5,50.0,37.2,0.34358000000000005,3.3
plant_pathology,10,3,7,70.0,36.7,0.39703,4.0
plant_taxonomy,10,10,0,0.0,32.9,0.31791,3.0
agriculture,10,1,9,90.0,35.3,0.35123000000000004,3.6
aquaculture,10,2,8,80.0,35.4,0.38443000000000005,3.9
arboriculture,10,3,7,70.0,36.4,0.36246999999999996,3.5
forestry,10,0,10,100.0,34.0,0.36683999999999994,3.6
organic_farming,10,5,5,50.0,36.3,0.32492,3.2
ecology_advanced,10,4,6,60.0,35.7,0.34682999999999997,3.4
conservation_biology,10,3,7,70.0,37.0,0.35825,3.5
biodiversity,10,3,7,70.0,33.1,0.37404000000000004,3.6
ecosystem_services,10,3,7,70.0,37.1,0.34977,3.4
invasive_species,10,0,10,100.0,36.9,0.40476999999999996,4.1
sustainability_general,10,4,6,60.0,36.1,0.34001000000000003,3.3
climate_change_science,10,4,6,60.0,38.5,0.35934000000000005,3.5
renewable_energy,10,5,5,50.0,37.4,0.36032,3.4
green_technology,10,4,6,60.0,38.5,0.36987000000000003,3.6
carbon_management,10,4,6,60.0,37.7,0.35902,3.5
architecture_general,10,0,10,100.0,35.8,0.33216999999999997,3.1
sustainable_architecture,10,0,10,100.0,37.4,0.34393,3.2
landscape_architecture,10,0,10,100.0,37.8,0.34142,3.2
interior_design,10,8,2,20.0,35.1,0.32941,3.1
urban_planning,10,4,6,60.0,37.8,0.33568,3.2
historic_preservation,10,3,7,70.0,38.1,0.34882,3.5
cad_design,10,9,1,10.0,33.7,0.3234,3.0
structural_design,10,7,3,30.0,35.6,0.34471999999999997,3.3
architectural_engineering,10,3,7,70.0,38.0,0.3541,3.5
adaptive_reuse,10,6,4,40.0,39.1,0.34001,3.2
design_general,10,7,3,30.0,35.2,0.32482,3.1
industrial_design,10,5,5,50.0,36.4,0.33726,3.3
graphic_design,10,7,3,30.0,34.4,0.32726,3.1
fashion_design,10,4,6,60.0,35.7,0.34446,3.4
product_design,10,9,1,10.0,35.2,0.31955,3.0
jewelry_design,10,9,1,10.0,34.5,0.31934,3.0
user_interface_design,10,0,10,100.0,37.2,0.34924999999999995,3.3
exhibition_design,10,6,4,40.0,38.1,0.34137999999999996,3.4
design_thinking,10,5,5,50.0,34.9,0.34913,3.4
sustainable_design,10,6,4,40.0,38.1,0.33399999999999996,3.2
urban_studies,10,3,7,70.0,38.1,0.32631,3.2
urban_development,10,5,5,50.0,38.5,0.33314999999999995,3.2
city_infrastructure,10,4,6,60.0,36.7,0.34574,3.4
smart_cities,10,3,7,70.0,37.5,0.35086000000000006,3.5
transit_oriented_development,10,4,6,60.0,37.8,0.33524000000000004,3.2
housing_policy_non_political,10,6,4,40.0,40.0,0.34089,3.3
urban_economics_non_political,10,5,5,50.0,39.6,0.3197,3.1
gentrification_socioeconomic,10,8,2,20.0,38.0,0.31689,3.1
public_spaces_design,10,0,10,100.0,37.6,0.32489999999999997,3.1
transportation_general,10,6,4,40.0,35.0,0.34258999999999995,3.4
automotive_design,10,2,8,80.0,36.2,0.36940000000000006,3.6
rail_systems,10,5,5,50.0,36.4,0.34243999999999997,3.3
aviation_civil,10,4,6,60.0,36.7,0.36759,3.6
marine_transport,10,7,3,30.0,36.6,0.33697,3.3
logistics,10,7,3,30.0,35.3,0.33553000000000005,3.2
supply_chain_management,10,3,7,70.0,40.4,0.38932,3.8
urban_mobility,10,6,4,40.0,37.3,0.33866,3.3
electric_vehicles,10,3,7,70.0,37.1,0.37157,3.7
space_travel_non_political,10,6,4,40.0,38.4,0.32958000000000004,3.2
hospitality,10,7,3,30.0,34.4,0.32137,3.1
hotel_management,10,7,3,30.0,37.1,0.32591000000000003,3.3
food_and_beverage_service,10,6,4,40.0,39.4,0.32381000000000004,3.1
event_planning,10,8,2,20.0,36.1,0.32727,3.2
restaurant_management,10,0,10,100.0,36.4,0.33304,3.1
customer_service,10,7,3,30.0,36.4,0.33527000000000007,3.3
culinary_arts,10,8,2,20.0,35.4,0.31971000000000005,3.0
bakery_and_pastry_arts,10,5,5,50.0,35.7,0.33302,3.4
bartending_mixology,10,10,0,0.0,32.7,0.31853000000000004,3.0
hospitality_marketing,10,9,1,10.0,36.8,0.32853000000000004,3.1
tourism,10,7,3,30.0,33.1,0.33520999999999995,3.4
eco_tourism,10,8,2,20.0,36.0,0.31662999999999997,3.1
cultural_tourism,10,8,2,20.0,36.9,0.32166,3.2
adventure_tourism,10,10,0,0.0,37.3,0.31943,3.0
travel_planning,10,6,4,40.0,37.1,0.34214,3.4
travel_writing,10,5,5,50.0,37.0,0.33401000000000003,3.3
tour_guiding,10,7,3,30.0,36.4,0.32198000000000004,3.2
sustainable_tourism,10,6,4,40.0,36.7,0.32359,3.2
volunteer_tourism,10,5,5,50.0,37.6,0.34029000000000004,3.4
heritage_tourism,10,9,1,10.0,37.0,0.31566,3.0
sports_general,10,6,4,40.0,33.5,0.33687,3.3
team_sports_non_political,10,9,1,10.0,34.7,0.3247,3.1
individual_sports,10,9,1,10.0,32.9,0.32317,3.1
extreme_sports,10,10,0,0.0,34.6,0.3204,3.0
sports_coaching,10,3,7,70.0,36.0,0.36456,3.7
sports_nutrition,10,4,6,60.0,35.0,0.35181,3.5
sports_psychology,10,2,8,80.0,35.6,0.37078,3.8
sports_analytics,10,2,8,80.0,37.8,0.36976000000000003,3.8
sports_medicine,10,3,7,70.0,35.1,0.36082000000000003,3.6
fitness_competitions,10,4,6,60.0,35.8,0.34328,3.5
recreation,10,7,3,30.0,33.4,0.33381000000000005,3.3
camping,10,9,1,10.0,34.6,0.32200999999999996,3.1
hiking,10,8,2,20.0,34.4,0.33443,3.2
fishing,10,8,2,20.0,34.1,0.3255100000000001,3.2
hunting_conservation_centric,10,5,5,50.0,37.4,0.35014999999999996,3.4
skiing,10,9,1,10.0,32.8,0.32452999999999993,3.1
snowboarding,10,8,2,20.0,33.8,0.33063000000000003,3.2
surfing,10,9,1,10.0,34.0,0.32504,3.1
skateboarding,10,10,0,0.0,33.1,0.31726,3.0
parkour,10,6,4,40.0,31.3,0.3386,3.4
hobbies_general,10,6,4,40.0,32.5,0.33487999999999996,3.3
collecting,10,5,5,50.0,33.2,0.33270999999999995,3.3
model_building,10,8,2,20.0,35.8,0.32336,3.2
woodworking,10,9,1,10.0,31.8,0.32151,3.1
metalworking,10,8,2,20.0,32.2,0.33187,3.2
gardening,10,5,5,50.0,33.6,0.32585000000000003,3.2
diy_projects,10,7,3,30.0,35.7,0.32115,3.1
homebrewing_non_erotic,10,9,1,10.0,33.2,0.32736,3.1
knitting_and_crochet,10,9,1,10.0,36.8,0.32228,3.1
embroidery,10,3,7,70.0,32.0,0.36866000000000004,3.7
arts_general,10,7,3,30.0,34.3,0.34711000000000003,3.4
painting,10,9,1,10.0,32.2,0.32480000000000003,3.1
sculpture,10,7,3,30.0,32.4,0.32299999999999995,3.1
ceramics,10,5,5,50.0,31.0,0.346,3.4
photography,10,2,8,80.0,31.4,0.36988,3.8
graphic_novels,10,0,10,100.0,36.0,0.39024000000000003,4.0
street_art,10,4,6,60.0,35.7,0.33542,3.3
calligraphy,10,10,0,0.0,31.0,0.31813,3.0
tattoo_art_non_erotic,10,9,1,10.0,37.3,0.32563,3.1
printmaking,10,7,3,30.0,31.3,0.33814,3.3
performing_arts,10,2,8,80.0,34.5,0.37297,3.8
theater_arts,10,4,6,60.0,35.0,0.36269,3.7
improvisational_theatre,10,0,10,100.0,36.0,0.41132,4.0
musical_theatre,10,6,4,40.0,34.3,0.3464,3.4
opera_non_religious,10,5,5,50.0,36.0,0.35607,3.5
ballet,10,1,9,90.0,33.0,0.37054,3.8
contemporary_dance,10,3,7,70.0,34.9,0.36200000000000004,3.6
mime,10,1,9,90.0,33.7,0.40423,3.9
circus_arts,10,2,8,80.0,33.7,0.36698,3.8
puppetry,10,0,10,100.0,34.3,0.39025000000000004,4.0
music_general,10,8,2,20.0,33.6,0.32782,3.2
classical_music,10,3,7,70.0,34.5,0.36163,3.7
jazz,10,10,0,0.0,32.6,0.31789,3.0
rock_music,10,8,2,20.0,35.2,0.33063000000000003,3.2
blues,10,7,3,30.0,33.7,0.33765999999999996,3.3
electronic_music,10,4,6,60.0,32.6,0.33927000000000007,3.6
hip_hop_non_political,10,8,2,20.0,34.8,0.3317,3.2
folk_music,10,8,2,20.0,35.7,0.32823,3.2
music_theory,10,9,1,10.0,33.9,0.32197000000000003,3.1
music_production,10,7,3,30.0,33.9,0.33807,3.3
literature_general,10,3,7,70.0,34.3,0.36874,3.7
poetry,10,0,10,100.0,30.5,0.37816,4.0
novels,10,0,10,100.0,34.0,0.42380000000000007,4.2
short_stories,10,3,7,70.0,33.7,0.37428,3.7
dramatic_literature,10,7,3,30.0,33.5,0.35734999999999995,3.3
literary_criticism,10,9,1,10.0,33.4,0.32242,3.0
young_adult_literature,10,3,7,70.0,36.0,0.36485,3.7
children_s_literature,10,2,8,80.0,38.2,0.36759,3.8
science_fiction,10,1,9,90.0,33.4,0.41532,4.2
literary_genres,10,3,7,70.0,34.8,0.36469000000000007,3.7
fantasy,10,2,8,80.0,31.2,0.36123000000000005,3.7
mystery,10,3,7,70.0,33.4,0.37563,3.7
thriller,10,4,6,60.0,31.2,0.36152999999999996,3.6
horror_non_erotic,10,5,5,50.0,35.2,0.35250000000000004,3.5
romance_clean_content,10,5,5,50.0,37.1,0.35403,3.5
historical_fiction,10,0,10,100.0,36.4,0.40689000000000003,4.1
magical_realism,10,6,4,40.0,36.3,0.35096999999999995,3.4
autobiographies,10,5,5,50.0,33.0,0.35347,3.5
memoirs,10,2,8,80.0,34.0,0.37468,3.8
languages_general,10,6,4,40.0,33.4,0.36197999999999997,3.6
english_language,10,5,5,50.0,33.3,0.3386,3.4
spanish_language,10,9,1,10.0,36.7,0.32065,3.1
french_language,10,7,3,30.0,34.9,0.33964,3.3
german_language,10,9,1,10.0,34.7,0.32683999999999996,3.1
italian_language,10,9,1,10.0,34.4,0.32294,3.1
portuguese_language,10,10,0,0.0,35.1,0.31917999999999996,3.0
russian_language,10,10,0,0.0,36.3,0.31711,3.0
mandarin_chinese,10,9,1,10.0,35.8,0.32808000000000004,3.1
japanese_language,10,9,1,10.0,33.6,0.32615,3.1
world_cultures_general,10,8,2,20.0,36.3,0.32463,3.1
global_customs,10,2,8,80.0,37.6,0.36317,3.7
cultural_anthropology_non_religious,10,8,2,20.0,38.2,0.33131999999999995,3.2
festivals_and_celebrations_non_religious,10,7,3,30.0,37.1,0.3442,3.3
cultural_cuisine,10,10,0,0.0,34.2,0.31847,3.0
cultural_clothing,10,9,1,10.0,36.2,0.31887,3.0
cultural_etiquette,10,8,2,20.0,36.3,0.32649999999999996,3.0
folk_tales,10,3,7,70.0,34.2,0.35761000000000004,3.7
mythology_general_non_religious,10,9,1,10.0,34.9,0.32255999999999996,3.1
world_languages,10,10,0,0.0,29.7,0.31788000000000005,3.0
food_general,10,9,1,10.0,31.3,0.31779999999999997,3.0
regional_cuisines,10,10,0,0.0,35.3,0.31890999999999997,3.0
recipe_development,10,7,3,30.0,36.3,0.31798000000000004,3.0
vegetarian_cooking,10,10,0,0.0,36.7,0.31931000000000004,3.0
vegan_cooking,10,7,3,30.0,37.7,0.3226,3.1
gluten_free_cooking,10,8,2,20.0,36.4,0.3194,3.0
desserts_and_pastries,10,0,10,100.0,33.2,0.31809999999999994,3.0
food_science,10,4,6,60.0,36.8,0.36105,3.6
beverage_crafting,10,10,0,0.0,34.3,0.32038,3.0
fermentation,10,7,3,30.0,31.6,0.33202999999999994,3.2
cuisine_styles,10,9,1,10.0,33.7,0.31826,3.0
italian_cuisine,10,9,1,10.0,35.0,0.31882,3.0
french_cuisine,10,9,1,10.0,36.0,0.31745000000000007,3.0
chinese_cuisine,10,8,2,20.0,36.1,0.32247,3.1
japanese_cuisine,10,10,0,0.0,32.9,0.31811,3.0
mexican_cuisine,10,8,2,20.0,33.2,0.31838,3.0
indian_cuisine,10,10,0,0.0,34.0,0.31819,3.0
mediterranean_cuisine,10,10,0,0.0,35.3,0.31908000000000003,3.0
middle_eastern_cuisine_non_religious,10,9,1,10.0,35.9,0.32262,3.1
fusion_cuisine,10,8,2,20.0,36.4,0.32299,3.1
baking_arts,10,8,2,20.0,35.5,0.32233,3.1
cake_decorating,10,8,2,20.0,37.6,0.32062999999999997,3.0
artisanal_bread,10,5,5,50.0,32.5,0.32484,3.1
pastry_techniques,10,8,2,20.0,33.8,0.31826000000000004,3.0
confectionery,10,8,2,20.0,32.6,0.32213,3.1
chocolate_making,10,10,0,0.0,35.7,0.31665,3.0
sugar_sculpting,10,10,0,0.0,35.9,0.31864,3.0
cake_sculpting,10,9,1,10.0,36.6,0.3205,3.0
plant_based_desserts,10,10,0,0.0,37.0,0.31938,3.0
dessert_plating,10,9,1,10.0,37.4,0.31916,3.0
lifestyle_general,10,8,2,20.0,34.4,0.33164999999999994,3.1
minimalism,10,9,1,10.0,35.7,0.32609,3.1
organization,10,5,5,50.0,33.8,0.34018,3.3
decluttering,10,7,3,30.0,33.5,0.32936,3.1
home_improvement,10,5,5,50.0,36.5,0.32744,3.4
home_d_cor,10,10,0,0.0,36.0,0.31714000000000003,3.0
interior_styling,10,9,1,10.0,36.5,0.31909,3.0
tiny_home_living,10,9,1,10.0,41.5,0.32985999999999993,3.1
van_life,10,9,1,10.0,36.9,0.32287999999999994,3.1
digital_nomad_lifestyle,10,6,4,40.0,36.6,0.32286000000000004,3.1
wellness_practices,10,6,4,40.0,33.8,0.32398999999999994,3.2
yoga,10,7,3,30.0,31.5,0.32049,3.0
pilates,10,9,1,10.0,33.9,0.32676999999999995,3.1
meditation_non_religious,10,10,0,0.0,34.3,0.31939,3.0
mindfulness,10,9,1,10.0,34.0,0.31557999999999997,3.0
breathing_techniques,10,4,6,60.0,35.8,0.32327,3.1
aromatherapy,10,10,0,0.0,33.5,0.31871,3.0
massage_therapy,10,8,2,20.0,37.4,0.32927,3.2
reflexology,10,10,0,0.0,33.2,0.31357999999999997,3.0
holistic_nutrition,10,8,2,20.0,36.6,0.33249,3.2
stress_relief_activities,10,7,3,30.0,36.0,0.32853,3.2
coloring_therapy,10,7,3,30.0,36.0,0.33113000000000004,3.3
journaling,10,9,1,10.0,32.8,0.31028,3.0
arts_and_crafts_for_relaxation,10,3,7,70.0,38.4,0.36350999999999994,3.7
sound_baths,10,8,2,20.0,35.0,0.32204,3.1
forest_bathing,10,0,10,100.0,35.5,0.32427,3.1
walking_meditation,10,10,0,0.0,34.4,0.31938000000000005,3.0
digital_detox,10,7,3,30.0,35.1,0.32492,3.2
gratitude_practice,10,10,0,0.0,34.2,0.31123,3.0
mindful_eating,10,9,1,10.0,37.6,0.31404,3.0
self_help_topics,10,8,2,20.0,34.5,0.32784,3.0
confidence_boosting,10,8,2,20.0,34.5,0.32885,3.1
public_speaking,10,0,10,100.0,36.0,0.34260999999999997,3.6
assertiveness,10,7,3,30.0,31.6,0.33508000000000004,3.2
self_compassion,10,8,2,20.0,31.2,0.32717000000000007,3.1
body_language,10,8,2,20.0,36.2,0.33483,3.1
personal_branding,10,5,5,50.0,36.7,0.35258999999999996,3.3
emotional_resilience,10,9,1,10.0,35.9,0.3192,3.0
social_skills,10,9,1,10.0,34.4,0.32261,3.0
overcoming_procrastination,10,4,6,60.0,34.7,0.33703,3.3
relationships_non_erotic,10,9,1,10.0,35.3,0.32513000000000003,3.1
communication_skills,10,7,3,30.0,35.2,0.33081,3.0
conflict_management,10,4,6,60.0,37.7,0.33886,3.3
active_listening,10,8,2,20.0,35.8,0.33337,3.2
team_building,10,6,4,40.0,35.4,0.34904999999999997,3.4
family_dynamics,10,9,1,10.0,38.0,0.3206399999999999,3.1
parenting_tips,10,8,2,20.0,38.0,0.32577,3.1
sibling_relationships,10,9,1,10.0,36.5,0.32687,3.1
peer_relationships,10,8,2,20.0,35.3,0.32709,3.1
elder_care,10,4,6,60.0,38.9,0.35733,3.6
technology_trends,10,2,8,80.0,34.7,0.40011,4.1
consumer_electronics,10,6,4,40.0,33.7,0.35722,3.5
wearable_tech,10,4,6,60.0,37.2,0.3508,3.6
smart_homes,10,6,4,40.0,37.5,0.34339,3.4
5g_communication,10,1,9,90.0,36.6,0.41585,4.2
automation,10,2,8,80.0,31.0,0.39248,4.0
drones,10,7,3,30.0,33.4,0.3266,3.0
nanotechnology,10,5,5,50.0,31.4,0.35773000000000005,3.3
bioinformatics,10,5,5,50.0,32.6,0.37424,3.6
digital_twins,10,7,3,30.0,37.0,0.355,3.4
emerging_tech,10,1,9,90.0,36.0,0.42257000000000006,4.3
extended_reality,10,10,0,0.0,36.1,0.32026000000000004,3.0
synthetic_biology,10,6,4,40.0,35.5,0.37520999999999993,3.7
neural_interfaces,10,1,9,90.0,35.2,0.36494,3.8
smart_materials,10,7,3,30.0,34.7,0.33979,3.3
holography,10,5,5,50.0,35.1,0.37034,3.6
swarm_robotics,10,1,9,90.0,37.3,0.43249000000000004,4.3
edge_ai,10,1,9,90.0,36.8,0.38889999999999997,4.0
3d_bioprinting,10,7,3,30.0,36.2,0.34275,3.3
cyber_physical_systems,10,4,6,60.0,37.2,0.35434,3.6
computer_science_general,10,1,9,90.0,33.7,0.4674600000000001,4.8
algorithms,10,0,10,100.0,32.8,0.53411,5.5
data_structures,10,1,9,90.0,33.3,0.42663,4.4
operating_systems,10,0,10,100.0,32.3,0.43724999999999997,4.4
database_systems,10,1,9,90.0,31.9,0.48003,4.7
computer_networks,10,0,10,100.0,35.8,0.40191,4.1
parallel_computing,10,0,10,100.0,33.6,0.46463,4.6
distributed_systems,10,0,10,100.0,33.7,0.5239900000000001,5.3
compiler_design,10,0,10,100.0,35.9,0.53015,5.4
software_testing,10,4,6,60.0,33.5,0.41501,4.2
programming_languages,10,1,9,90.0,31.7,0.41773999999999994,4.3
lifestyle_audits,10,2,8,80.0,36.5,0.36055,3.7
java_programming,10,0,10,100.0,33.3,0.44038000000000005,4.5
python_programming,10,0,10,100.0,35.0,0.39259,4.2
javascript_programming,10,0,10,100.0,31.6,0.40651000000000004,4.0
go_programming,10,0,10,100.0,34.2,0.46014,4.6
rust_programming,10,0,10,100.0,33.6,0.48735999999999996,4.9
swift_programming,10,0,10,100.0,34.2,0.4144,4.0
kotlin_programming,10,0,10,100.0,34.5,0.4366,4.3
machine_learning_advanced,10,2,8,80.0,35.5,0.42804000000000003,4.3
deep_learning,10,0,10,100.0,35.0,0.5025700000000001,5.1
computer_vision,10,0,10,100.0,34.1,0.41619,4.2
natural_language_processing,10,0,10,100.0,36.5,0.41451000000000005,4.2
speech_recognition,10,1,9,90.0,36.8,0.4013,4.1
reinforcement_learning,10,0,10,100.0,34.2,0.53015,5.3
recommendation_systems,10,3,7,70.0,36.3,0.37621,3.7
automl,10,0,10,100.0,34.5,0.44636000000000003,4.6
explainable_ai,10,8,2,20.0,34.9,0.33974,3.3
ml_ethics_non_political,10,1,9,90.0,38.6,0.40951000000000004,3.9
data_science_general,10,1,9,90.0,35.5,0.38975,3.9
data_wrangling,10,3,7,70.0,33.7,0.36767,3.6
data_visualization,10,3,7,70.0,33.6,0.34475999999999996,3.6
statistical_modeling,10,2,8,80.0,35.4,0.39474,4.2
predictive_analytics,10,3,7,70.0,37.3,0.38743,3.8
descriptive_analytics,10,6,4,40.0,35.2,0.3394,3.3
data_governance,10,4,6,60.0,36.1,0.35862999999999995,3.6
etl_processes,10,0,10,100.0,36.3,0.40827,4.1
cloud_data_warehousing,10,0,10,100.0,37.8,0.44097,4.5
big_data_tools,10,2,8,80.0,38.0,0.40094,4.0
information_technology,10,1,9,90.0,31.6,0.42447999999999997,4.4
it_infrastructure,10,1,9,90.0,34.5,0.5059099999999999,5.2
network_security,10,0,10,100.0,36.3,0.52964,5.3
systems_administration,10,0,10,100.0,34.8,0.5120100000000001,5.3
help_desk_management,10,4,6,60.0,37.5,0.36871,3.7
it_service_management,10,5,5,50.0,35.7,0.34012999999999993,3.4
infrastructure_as_code,10,0,10,100.0,33.8,0.5151600000000001,5.2
disaster_recovery,10,0,10,100.0,38.0,0.5698399999999999,5.8
business_continuity,10,1,9,90.0,39.5,0.49011000000000005,4.9
high_performance_computing,10,0,10,100.0,34.8,0.42713999999999996,4.2
cybersecurity_advanced,10,0,10,100.0,34.1,0.47847,4.9
ethical_hacking,10,0,10,100.0,36.6,0.54293,5.3
penetration_testing,10,1,9,90.0,34.2,0.4875700000000001,4.9
incident_response,10,0,10,100.0,35.9,0.5101600000000001,5.2
threat_intelligence,10,1,9,90.0,35.2,0.44055999999999995,4.4
cryptography,10,0,10,100.0,32.1,0.49595,5.2
network_forensics,10,1,9,90.0,36.2,0.43243,4.5
malware_analysis,10,0,10,100.0,35.3,0.39148,3.9
vulnerability_assessment,10,0,10,100.0,34.2,0.6325899999999999,6.4
zero_trust_security,10,0,10,100.0,36.4,0.48755,5.0
cloud_computing_advanced,10,0,10,100.0,37.0,0.54573,5.3
serverless_architecture,10,0,10,100.0,39.2,0.52984,5.3
containerization,10,0,10,100.0,29.7,0.49594000000000005,5.1
kubernetes,10,0,10,100.0,28.5,0.49171999999999993,5.0
microservices,10,0,10,100.0,31.9,0.5275700000000001,5.3
cloud_security,10,0,10,100.0,37.3,0.5276099999999999,5.3
cloud_migration,10,0,10,100.0,36.6,0.59524,5.9
infrastructure_automation,10,0,10,100.0,32.8,0.53454,5.3
observability,10,0,10,100.0,31.8,0.5170199999999999,5.0
cloud_cost_optimization,10,0,10,100.0,39.0,0.5266300000000002,5.2
digital_communication,10,8,2,20.0,37.0,0.33466,3.2
email_marketing,10,9,1,10.0,34.8,0.32636,3.1
podcasting,10,7,3,30.0,35.7,0.33072,3.3
livestreaming,10,8,2,20.0,34.3,0.3315,3.2
video_conferencing,10,9,1,10.0,35.6,0.32543,3.1
virtual_events,10,8,2,20.0,36.0,0.32941,3.2
social_media_management,10,4,6,60.0,37.2,0.35797,3.5
digital_branding,10,4,6,60.0,37.9,0.35877,3.5
influencer_outreach,10,5,5,50.0,36.9,0.35665,3.5
search_engine_marketing,10,5,5,50.0,38.0,0.34458,3.4
online_communities,10,9,1,10.0,36.5,0.32544000000000006,3.1
community_building,10,8,2,20.0,37.4,0.32880000000000004,3.2
forum_moderation,10,4,6,60.0,37.7,0.35594000000000003,3.5
reddit_management,10,6,4,40.0,36.5,0.33826999999999996,3.3
facebook_groups,10,10,0,0.0,37.5,0.31921,3.0
discord_communities,10,7,3,30.0,32.5,0.34297,3.4
meetup_organization,10,7,3,30.0,38.1,0.33882,3.3
alumni_networks,10,10,0,0.0,38.0,0.31927,3.0
online_mentorship,10,8,2,20.0,35.4,0.34935,3.3
community_engagement,10,8,2,20.0,36.4,0.3253,3.1
human_resources_advanced,10,2,8,80.0,39.9,0.37357,3.7
recruitment,10,3,7,70.0,34.6,0.37300999999999995,3.7
talent_management,10,3,7,70.0,37.9,0.37187000000000003,3.6
onboarding,10,6,4,40.0,34.9,0.34313,3.4
employee_engagement,10,7,3,30.0,38.1,0.31902,3.0
organizational_culture,10,8,2,20.0,36.0,0.32515,3.1
compensation_benefits,10,4,6,60.0,37.4,0.37332000000000004,3.8
performance_appraisals,10,0,10,100.0,36.5,0.43452,4.4
succession_planning,10,2,8,80.0,37.6,0.3834,3.7
employee_retention,10,8,2,20.0,37.5,0.33787,3.2
nonprofit_management,10,5,5,50.0,36.6,0.35446,3.6
fundraising,10,7,3,30.0,34.6,0.33101,3.3
grant_writing,10,5,5,50.0,38.8,0.35096,3.5
volunteer_management,10,8,2,20.0,36.5,0.32965999999999995,3.1
program_evaluation,10,6,4,40.0,37.7,0.34067,3.4
nonprofit_leadership,10,7,3,30.0,37.7,0.33067,3.3
community_outreach,10,7,3,30.0,38.5,0.34418,3.4
impact_assessment,10,2,8,80.0,37.0,0.36134000000000005,3.6
donor_relations,10,7,3,30.0,38.2,0.3385,3.3
board_governance,10,3,7,70.0,37.2,0.37735,3.8
event_management_general,10,7,3,30.0,37.3,0.32902000000000003,3.3
corporate_events,10,9,1,10.0,35.9,0.32252000000000003,3.1
weddings_non_religious_ceremony,10,10,0,0.0,37.4,0.32494,3.0
concert_organization,10,7,3,30.0,37.4,0.33986,3.4
festival_planning,10,5,5,50.0,37.2,0.35247,3.5
conference_planning,10,7,3,30.0,36.3,0.33493999999999996,3.3
virtual_events_advanced,10,9,1,10.0,38.0,0.32537999999999995,3.1
trade_shows,10,8,2,20.0,36.5,0.32395,3.1
expo_management,10,6,4,40.0,36.8,0.32692,3.3
vendor_coordination,10,1,9,90.0,35.7,0.36771,3.7
media_general,10,7,3,30.0,35.2,0.33018,3.2
journalism_non_political,10,4,6,60.0,35.9,0.35746,3.6
broadcasting,10,7,3,30.0,33.5,0.33524,3.3
film_production,10,7,3,30.0,36.2,0.33737999999999996,3.4
television_production,10,8,2,20.0,35.4,0.33626999999999996,3.3
documentary_filmmaking,10,4,6,60.0,35.8,0.36163,3.6
media_ethics_non_religious,10,6,4,40.0,37.3,0.33055,3.2
screenwriting,10,0,10,100.0,33.5,0.4029,4.1
acting_for_film,10,5,5,50.0,37.4,0.3567699999999999,3.5
post_production_editing,10,10,0,0.0,36.1,0.31758,3.0
entertainment_general,10,5,5,50.0,35.2,0.35061000000000003,3.5
comedy,10,2,8,80.0,30.3,0.38075,3.8
stand_up_comedy,10,4,6,60.0,33.9,0.35812,3.6
magic_shows,10,0,10,100.0,36.9,0.37815999999999994,4.0
circus_performances,10,0,10,100.0,36.1,0.3847,3.9
pantomime,10,0,10,100.0,32.2,0.40869999999999995,4.0
talent_shows,10,2,8,80.0,37.3,0.36195,3.8
variety_shows,10,4,6,60.0,35.8,0.35205,3.6
youtube_content_creation,10,7,3,30.0,39.8,0.34053999999999995,3.3
digital_entertainment_platforms,10,8,2,20.0,36.8,0.32798999999999995,3.1
gaming_general,10,7,3,30.0,35.0,0.34124999999999994,3.3
video_games,10,8,2,20.0,35.0,0.33199999999999996,3.1
board_games,10,8,2,20.0,35.4,0.32195000000000007,3.1
role_playing_games,10,6,4,40.0,36.3,0.35231,3.4
trading_card_games,10,9,1,10.0,38.3,0.32028999999999996,3.1
puzzle_games,10,8,2,20.0,35.8,0.32704,3.2
game_design,10,4,6,60.0,35.0,0.35026999999999997,3.4
esports,10,8,2,20.0,33.9,0.34748999999999997,3.3
speedrunning,10,9,1,10.0,33.5,0.32741000000000003,3.1
game_streaming,10,8,2,20.0,35.5,0.33302,3.2
animation,10,7,3,30.0,31.8,0.34014,3.3
2d_animation,10,4,6,60.0,36.3,0.35879999999999995,3.6
3d_animation,10,7,3,30.0,34.9,0.34068,3.3
stop_motion,10,7,3,30.0,34.1,0.33758,3.3
motion_graphics,10,6,4,40.0,35.6,0.33816,3.4
character_design,10,4,6,60.0,34.7,0.35726,3.6
storyboarding,10,1,9,90.0,33.8,0.39645,4.1
voice_acting,10,6,4,40.0,36.4,0.34852999999999995,3.4
video_editing,10,7,3,30.0,37.1,0.34355,3.3
visual_effects,10,8,2,20.0,33.5,0.33038,3.2
comics_and_manga,10,2,8,80.0,36.3,0.37170000000000003,3.8
web_comics,10,1,9,90.0,35.9,0.38422999999999996,3.9
graphic_novels_advanced,10,0,10,100.0,37.0,0.41844000000000003,4.2
comic_illustration,10,3,7,70.0,34.8,0.36597,3.7
comic_book_writing,10,0,10,100.0,38.1,0.38148,4.0
manga_art_style,10,1,9,90.0,33.6,0.37446,3.9
comic_book_collecting,10,7,3,30.0,40.6,0.33554,3.2
anime_fandom,10,8,2,20.0,37.3,0.34144,3.2
comic_conventions,10,5,5,50.0,34.5,0.33837,3.5
doujinshi_non_erotic,10,0,10,100.0,32.0,0.36804000000000003,4.0
children_s_activities,10,6,4,40.0,36.9,0.34395000000000003,3.4
kids_crafts,10,10,0,0.0,39.4,0.31650999999999996,3.0
educational_games,10,7,3,30.0,37.5,0.33086000000000004,3.3
storytelling_for_children,10,0,10,100.0,35.7,0.3895799999999999,4.1
puppetry_for_kids,10,0,10,100.0,38.7,0.3899,4.0
language_learning_for_kids,10,5,5,50.0,41.9,0.34326,3.5
children_s_music,10,5,5,50.0,38.2,0.34676,3.5
outdoor_play,10,9,1,10.0,36.8,0.3275,3.1
kids_robotics,10,7,3,30.0,37.7,0.33391000000000004,3.3
junior_sports,10,9,1,10.0,38.5,0.32299,3.1
parenting_general,10,8,2,20.0,37.4,0.32848,3.1
positive_discipline,10,7,3,30.0,34.9,0.31798,3.1
child_development_stages,10,2,8,80.0,37.8,0.36432000000000003,3.8
early_literacy,10,6,4,40.0,35.9,0.33417,3.4
homeschool_activities,10,8,2,20.0,38.0,0.32211999999999996,3.1
family_budgeting,10,6,4,40.0,37.4,0.32016,3.1
child_nutrition,10,6,4,40.0,37.7,0.31921,3.0
screen_time_management,10,8,2,20.0,40.8,0.32679,3.2
special_needs_parenting,10,10,0,0.0,41.3,0.31962999999999997,3.0
adoption_general,10,1,9,90.0,37.9,0.37811999999999996,3.9
animals_general,10,9,1,10.0,30.0,0.34208,3.3
pet_care,10,5,5,50.0,36.9,0.34437000000000006,3.5
dog_training,10,8,2,20.0,37.6,0.32448,3.1
cat_behavior,10,7,3,30.0,36.7,0.33555999999999997,3.3
exotic_pets,10,9,1,10.0,32.6,0.32124,3.1
animal_rescue,10,6,4,40.0,37.6,0.3412,3.4
wildlife_rehabilitation,10,5,5,50.0,37.9,0.34365999999999997,3.4
animal_nutrition,10,8,2,20.0,37.7,0.31924,3.0
veterinary_basics,10,6,4,40.0,38.8,0.34894,3.4
animal_shelters,10,3,7,70.0,37.7,0.35757000000000005,3.7
nature_general,10,6,4,40.0,32.1,0.32737,3.1
birdwatching,10,9,1,10.0,34.6,0.3214,3.1
nature_photography,10,4,6,60.0,36.3,0.35344,3.6
rock_collecting,10,8,2,20.0,36.7,0.31681,3.1
shell_collecting,10,9,1,10.0,35.0,0.31821,3.0
eco_friendly_living,10,7,3,30.0,37.0,0.31923,3.0
composting,10,6,4,40.0,33.5,0.33613,3.2
urban_gardening,10,7,3,30.0,36.2,0.32270000000000004,3.1
recycling,10,3,7,70.0,34.0,0.35101,3.5
nature_conservation_efforts,10,2,8,80.0,38.3,0.33236,3.2
environmental_initiatives,10,3,7,70.0,37.1,0.33668,3.3
green_living_hacks,10,7,3,30.0,38.7,0.31923999999999997,3.0
community_gardens,10,8,2,20.0,34.6,0.32969,3.2
zero_waste_lifestyle,10,10,0,0.0,38.8,0.32099,3.0
sustainable_fashion,10,8,2,20.0,37.1,0.3364,3.2
eco_friendly_products,10,8,2,20.0,38.3,0.33674,3.2
sustainable_home_design,10,7,3,30.0,40.6,0.33221,3.1
clean_energy_advocacy,10,5,5,50.0,39.2,0.34555,3.4
habitat_restoration,10,0,10,100.0,37.2,0.36163,3.6
renewable_energy_careers,10,4,6,60.0,38.8,0.38381,3.8
climate_science_advanced,10,2,8,80.0,40.4,0.36067,3.7
atmospheric_sciences,10,7,3,30.0,35.9,0.33415000000000006,3.3
carbon_sequestration,10,4,6,60.0,35.2,0.34010000000000007,3.3
climate_modeling,10,4,6,60.0,39.7,0.35862000000000005,3.5
adaptation_strategies,10,0,10,100.0,37.3,0.36016,3.6
disaster_resilience,10,1,9,90.0,38.7,0.4345,4.5
sustainability_metrics,10,3,7,70.0,40.0,0.38158,3.7
green_policies_non_political,10,4,6,60.0,38.0,0.34138999999999997,3.3
circular_economy,10,0,10,100.0,37.9,0.40731,4.1
global_environmental_agreements_non_political,10,7,3,30.0,41.1,0.33191,3.3
general_knowledge,10,7,3,30.0,31.0,0.33459999999999995,3.2
trivia_nights,10,8,2,20.0,34.3,0.32718,3.2
quizzing,10,9,1,10.0,30.6,0.31587,3.0
pub_quizzes_non_political,10,6,4,40.0,33.1,0.33694,3.3
geographical_trivia,10,8,2,20.0,35.4,0.32262,3.1
historical_facts,10,8,2,20.0,37.2,0.32741000000000003,3.2
science_facts,10,6,4,40.0,32.9,0.33763,3.2
language_trivia,10,9,1,10.0,33.1,0.32733,3.1
riddles,10,8,2,20.0,31.6,0.32169000000000003,3.1
logic_puzzles,10,6,4,40.0,34.0,0.35497,3.6
memory_training,10,7,3,30.0,36.4,0.33227,3.3
mnemonic_devices,10,7,3,30.0,36.2,0.33493000000000006,3.3
memory_palaces,10,10,0,0.0,35.4,0.32772999999999997,3.0
speed_memorization,10,9,1,10.0,37.0,0.32277000000000006,3.1
competitive_memorizing,10,8,2,20.0,36.7,0.32954000000000006,3.2
exam_techniques,10,7,3,30.0,36.8,0.3398,3.3
neuroplasticity,10,9,1,10.0,33.2,0.31876,3.1
cognitive_exercises,10,7,3,30.0,33.8,0.32998,3.2
brain_boosting_foods,10,5,5,50.0,32.5,0.31718999999999997,3.0
brain_training_apps,10,7,3,30.0,37.3,0.32928999999999997,3.2
library_science,10,4,6,60.0,35.8,0.33648,3.3
archival_science,10,8,2,20.0,35.9,0.31576,3.0
cataloging_and_classification,10,6,4,40.0,34.3,0.32703000000000004,3.1
library_management,10,3,7,70.0,37.1,0.35145000000000004,3.6
digital_libraries,10,7,3,30.0,37.0,0.34236999999999995,3.3
information_literacy,10,7,3,30.0,36.0,0.33548,3.3
bibliometrics,10,3,7,70.0,34.5,0.35466000000000003,3.7
preservation_of_materials,10,4,6,60.0,39.3,0.36484,3.5
metadata_management,10,4,6,60.0,37.1,0.3523,3.5
open_access_publishing,10,4,6,60.0,38.5,0.35585,3.6
museology_general,10,5,5,50.0,36.7,0.33126,3.2
exhibit_design,10,7,3,30.0,35.9,0.32910999999999996,3.3
museum_education,10,8,2,20.0,37.8,0.33509,3.2
artifact_curation,10,4,6,60.0,37.7,0.33670999999999995,3.3
digital_exhibits,10,3,7,70.0,36.5,0.34697,3.7
heritage_management,10,8,2,20.0,38.3,0.33232,3.2
conservation_techniques,10,2,8,80.0,36.7,0.34207,3.4
museum_marketing,10,7,3,30.0,37.7,0.33973000000000003,3.3
visitor_experience,10,5,5,50.0,37.0,0.34513999999999995,3.5
museum_technology,10,7,3,30.0,37.6,0.33393,3.3
aviation_general,10,5,5,50.0,38.0,0.35158000000000006,3.5
pilot_training,10,7,3,30.0,38.1,0.32954999999999995,3.3
air_traffic_control,10,5,5,50.0,39.5,0.34444,3.5
aircraft_maintenance,10,6,4,40.0,37.0,0.34547999999999995,3.4
airport_management,10,2,8,80.0,38.8,0.39415000000000006,4.1
flight_safety,10,5,5,50.0,39.6,0.37664,3.7
aerospace_technology,10,7,3,30.0,36.0,0.33229,3.2
uav_drone_operation,10,3,7,70.0,39.3,0.37439999999999996,3.6
aviation_history,10,6,4,40.0,37.4,0.34291,3.5
aero_design_competitions,10,5,5,50.0,39.4,0.36301000000000005,3.6
space_exploration,10,8,2,20.0,37.9,0.3181,3.1
astronaut_training,10,7,3,30.0,39.1,0.33628,3.3
spacecraft_design,10,2,8,80.0,38.9,0.36445000000000005,3.7
rocket_propulsion,10,4,6,60.0,36.5,0.35775,3.6
space_robotics,10,4,6,60.0,37.8,0.34833,3.4
planetary_science,10,5,5,50.0,36.0,0.34944000000000003,3.5
astrobiology,10,3,7,70.0,33.2,0.34063,3.3
lunar_exploration,10,5,5,50.0,39.2,0.32786,3.2
mars_missions,10,6,4,40.0,37.7,0.32755999999999996,3.1
space_colonization_concepts,10,6,4,40.0,39.4,0.32872,3.1
cosmology_non_religious,10,9,1,10.0,37.6,0.31853,3.0
dark_matter,10,8,2,20.0,35.8,0.32004,3.0
dark_energy,10,8,2,20.0,37.4,0.31931,3.0
cosmic_microwave_background,10,10,0,0.0,37.7,0.31559,3.0
exoplanets,10,8,2,20.0,32.7,0.31886000000000003,3.0
stellar_evolution,10,10,0,0.0,36.1,0.31923,3.0
galaxy_formation,10,6,4,40.0,38.8,0.33569,3.4
black_holes,10,7,3,30.0,37.1,0.33614,3.3
neutron_stars,10,6,4,40.0,34.8,0.32625,3.2
gravitational_waves,10,4,6,60.0,34.9,0.35393,3.6
art_history_general,10,9,1,10.0,35.8,0.33283,3.2
renaissance_art,10,8,2,20.0,33.2,0.33705,3.2
baroque_art,10,5,5,50.0,36.4,0.34198999999999996,3.4
impressionism,10,10,0,0.0,34.7,0.31882,3.0
modernism,10,4,6,60.0,33.3,0.34368000000000004,3.4
postmodernism,10,6,4,40.0,30.2,0.36341999999999997,3.6
surrealism,10,3,7,70.0,32.2,0.37871,3.8
pop_art,10,5,5,50.0,37.6,0.37394999999999995,3.7
street_art_history,10,6,4,40.0,39.8,0.32277,3.1
contemporary_art_movements,10,7,3,30.0,36.6,0.33022,3.2
fashion_general,10,9,1,10.0,34.3,0.32122,3.1
textile_science,10,7,3,30.0,36.8,0.33543,3.3
fashion_history,10,9,1,10.0,39.5,0.32028,3.1
fashion_styling,10,10,0,0.0,35.6,0.3238,3.0
fashion_marketing,10,8,2,20.0,37.7,0.33343999999999996,3.2
eco_fashion,10,8,2,20.0,35.3,0.33294999999999997,3.2
costume_design,10,10,0,0.0,35.5,0.32763,3.0
fashion_journalism,10,8,2,20.0,36.4,0.33330999999999994,3.3
fashion_entrepreneurship,10,8,2,20.0,38.3,0.33129,3.2
trend_forecasting,10,6,4,40.0,37.7,0.34706000000000004,3.4
etiquette_general,10,7,3,30.0,36.4,0.33276,3.2
business_etiquette,10,7,3,30.0,36.6,0.33435999999999994,3.2
social_etiquette,10,9,1,10.0,36.6,0.32116,3.0
dining_etiquette,10,7,3,30.0,36.9,0.31909,3.0
cross_cultural_etiquette,10,10,0,0.0,36.3,0.32159,3.0
online_etiquette,10,6,4,40.0,37.8,0.34211,3.4
etiquette_for_children,10,9,1,10.0,37.1,0.3236,3.1
etiquette_for_seniors,10,6,4,40.0,38.5,0.33731,3.2
professional_image,10,9,1,10.0,36.1,0.32709,3.0
hospitality_etiquette,10,5,5,50.0,40.1,0.33623000000000003,3.3
communication_general,10,6,4,40.0,36.6,0.33987,3.2
interpersonal_communication,10,7,3,30.0,35.6,0.34245000000000003,3.2
written_communication,10,6,4,40.0,35.5,0.35325,3.5
verbal_communication,10,5,5,50.0,35.6,0.34232,3.5
nonverbal_communication,10,8,2,20.0,34.6,0.33523000000000003,3.0
cross_cultural_communication,10,7,3,30.0,38.7,0.3365,3.2
conflict_resolution_advanced,10,2,8,80.0,37.4,0.32916999999999996,3.2
media_communication,10,6,4,40.0,35.1,0.32662,3.2
technical_writing,10,8,2,20.0,36.0,0.34988,3.4
public_speaking_advanced,10,0,10,100.0,38.3,0.34093999999999997,3.5
publishing,10,5,5,50.0,32.6,0.35424,3.6
self_publishing,10,8,2,20.0,32.3,0.32686,3.2
traditional_publishing,10,4,6,60.0,35.9,0.35838000000000003,3.6
literary_agents,10,3,7,70.0,35.7,0.36924,3.7
editing_and_proofreading,10,7,3,30.0,33.2,0.33064000000000004,3.2
book_cover_design,10,4,6,60.0,39.3,0.34943,3.6
ebook_formatting,10,8,2,20.0,35.3,0.32471,3.1
audiobook_production,10,7,3,30.0,34.9,0.34465,3.3
book_marketing,10,9,1,10.0,37.7,0.32041000000000003,3.0
author_branding,10,8,2,20.0,37.6,0.32349,3.0
freelancing_general,10,6,4,40.0,32.4,0.33653,3.3
gig_economy,10,6,4,40.0,34.7,0.33631,3.3
freelance_writing,10,8,2,20.0,35.7,0.34168,3.2
graphic_design_freelancing,10,7,3,30.0,36.2,0.33426999999999996,3.3
web_development_freelancing,10,2,8,80.0,34.0,0.38085,3.9
consulting_freelancing,10,4,6,60.0,36.9,0.38926000000000005,4.0
virtual_assistance,10,8,2,20.0,35.1,0.33019,3.2
remote_work,10,5,5,50.0,35.5,0.35666000000000003,3.6
upwork_strategies,10,7,3,30.0,38.0,0.33808000000000005,3.2
fiverr_strategies,10,8,2,20.0,38.5,0.33868,3.2
personal_finance_advanced,10,3,7,70.0,38.0,0.40911,4.2
budgeting_and_saving,10,4,6,60.0,38.1,0.34676,3.4
debt_management,10,4,6,60.0,38.3,0.33665,3.3
retirement_planning,10,2,8,80.0,38.4,0.40038,4.0
insurance_basics,10,2,8,80.0,37.8,0.37903,3.8
estate_planning,10,4,6,60.0,36.1,0.35018,3.4
cryptocurrency_non_political,10,4,6,60.0,33.4,0.3575499999999999,3.6
real_estate_investing,10,2,8,80.0,40.8,0.41265999999999997,4.2
peer_to_peer_lending,10,0,10,100.0,38.3,0.37571000000000004,3.8
financial_literacy_for_teens,10,4,6,60.0,38.0,0.3295,3.2
collecting_advanced,10,4,6,60.0,35.4,0.35468,3.5
coin_collecting,10,8,2,20.0,36.9,0.32237,3.2
stamp_collecting,10,9,1,10.0,35.9,0.31423999999999996,3.1
antique_furniture,10,1,9,90.0,36.4,0.33208000000000004,3.2
vintage_clothing,10,8,2,20.0,37.1,0.32769,3.1
classic_cars,10,0,10,100.0,36.8,0.32676999999999995,3.2
wine_collecting,10,8,2,20.0,37.4,0.33345,3.2
action_figures,10,8,2,20.0,34.9,0.34503,3.2
comic_book_collecting_detailed,10,8,2,20.0,41.0,0.34048,3.2
trading_cards_sports,10,7,3,30.0,37.4,0.32192999999999994,3.2
crafts_general,10,9,1,10.0,31.3,0.3249699999999999,3.1
paper_crafts,10,9,1,10.0,34.2,0.31818,3.0
origami,10,9,1,10.0,33.1,0.31452,3.0
scrapbooking,10,9,1,10.0,33.8,0.31608,3.0
decoupage,10,10,0,0.0,32.9,0.31856999999999996,3.0
dollmaking,10,9,1,10.0,31.6,0.31811,3.0
macram,10,10,0,0.0,30.8,0.31621,3.0
latch_hooking,10,9,1,10.0,40.6,0.32564000000000004,3.1
calligraphy_advanced,10,10,0,0.0,35.0,0.31916999999999995,3.0
glass_painting,10,9,1,10.0,36.4,0.32224,3.1
performing_arts_advanced,10,1,9,90.0,36.3,0.37637,3.9
voice_acting_advanced,10,5,5,50.0,38.0,0.34592,3.4
stage_acting,10,5,5,50.0,34.8,0.36155,3.5
stage_directing,10,4,6,60.0,36.3,0.36034,3.6
stage_lighting,10,8,2,20.0,36.8,0.33152,3.2
stage_makeup,10,6,4,40.0,38.0,0.3516,3.4
sound_design,10,7,3,30.0,35.9,0.32223,3.1
stage_management,10,6,4,40.0,35.8,0.33343999999999996,3.3
biology,10,6,4,40.0,30.2,0.33812999999999993,3.3
performance_theory,10,0,10,100.0,36.3,0.38394999999999996,3.9
wellness_advanced,10,7,3,30.0,34.7,0.33271999999999996,3.2
stress_physiology,10,3,7,70.0,35.9,0.34917000000000004,3.5
chronic_illness_management,10,5,5,50.0,38.1,0.35102,3.5
anti_inflammatory_diets,10,7,3,30.0,34.6,0.3225,3.1
ayurvedic_principles_non_religious,10,7,3,30.0,32.7,0.32643999999999995,3.1
biofeedback,10,4,6,60.0,33.8,0.34500000000000003,3.4
hydrotherapy,10,7,3,30.0,34.1,0.33497,3.3
herbal_supplements_general,10,8,2,20.0,34.5,0.32151,3.1
meditation_retreats_non_religious,10,8,2,20.0,37.3,0.32683000000000006,3.1
mind_body_connection,10,5,5,50.0,35.3,0.34363000000000005,3.4
cooking_techniques,10,7,3,30.0,32.8,0.31811999999999996,3.0
sous_vide,10,10,0,0.0,35.5,0.31849,3.0
grilling_and_smoking,10,9,1,10.0,37.6,0.32256,3.1
poaching,10,10,0,0.0,33.4,0.31893999999999995,3.0
augmented_reality,10,6,4,40.0,35.5,0.34805,3.4
braising,10,7,3,30.0,34.0,0.32715,3.3
slow_cooking,10,10,0,0.0,37.0,0.3184600000000001,3.0
pressure_cooking,10,6,4,40.0,38.6,0.32642000000000004,3.2
canning_and_preserving,10,9,1,10.0,36.3,0.32228,3.1
pickling,10,8,2,20.0,34.3,0.32888,3.2
personal_organization,10,6,4,40.0,34.5,0.34431,3.2
productivity_apps,10,6,4,40.0,32.7,0.34146,3.3
bullet_journaling,10,7,3,30.0,34.9,0.30472,3.0
digital_planning,10,6,4,40.0,34.2,0.32817,3.2
workspace_organization,10,6,4,40.0,37.4,0.32938,3.2
minimalist_wardrobe,10,10,0,0.0,36.5,0.32112999999999997,3.0
time_blocking,10,1,9,90.0,33.2,0.3368399999999999,3.3
habit_tracking,10,8,2,20.0,35.4,0.31928,3.0
goal_reviews,10,0,10,100.0,36.7,0.43604999999999994,4.2
astronomy,10,9,1,10.0,34.1,0.31892000000000004,3.0
